,CLIENTNUM,Attrition_Flag,predictions,probability_to_leave_the_bank
8708,712266633,0,0,1.74
9115,708697983,0,0,1.28
1960,772202058,0,0,35.28
6540,721449408,0,0,0.32
9309,716201883,0,0,0.66
2972,806637558,0,0,49.8
5089,793616883,0,0,2.5
1545,710208633,0,0,6.33
641,719428308,0,0,2.93
1303,794113758,0,0,0.69
5111,822902508,0,0,12.01
5112,780462183,0,0,3.55
5274,756025233,1,0,37.2
9717,717457008,1,0,2.43
2765,714112383,0,0,6.76
2748,712071708,0,0,33.22
3735,771246708,0,0,1.06
7776,718566858,0,0,8.63
5865,719545983,0,0,6.59
1138,789198708,0,0,44.31
8764,718292283,0,0,9.0
2233,714038433,0,0,1.94
6486,716535408,0,0,2.87
8561,709261383,0,0,7.03
3276,714901383,0,0,0.91
8675,714166833,0,0,9.62
5786,712018233,0,0,0.91
9672,708496833,1,0,5.23
826,768921933,0,0,7.29
5911,709487058,0,0,4.72
4689,710125608,0,0,1.75
9764,719768658,0,0,0.46
3773,827408058,0,0,0.86
3145,719356008,0,0,27.04
2147,770882508,0,0,8.71
1810,798120858,0,0,6.19
6064,772073508,1,1,90.92
7235,827062158,0,0,1.48
5055,716922633,1,0,8.14
6085,714045783,1,1,82.14
918,716032233,0,0,0.93
2787,708132783,0,0,1.02
9519,810040908,0,0,1.19
8461,715980258,0,0,3.24
8056,713382558,0,0,6.63
7141,771338658,0,0,0.15
7965,712974558,0,0,14.21
1503,811571733,0,0,17.35
3611,779689233,0,0,2.6
5925,809849358,1,1,98.49
1828,823948308,0,0,8.39
6631,711117108,0,0,9.68
443,788386908,0,1,61.61
3559,710294808,0,0,1.28
4211,717078933,0,0,8.58
1326,709316433,0,0,4.17
6359,717545808,0,0,2.42
9284,721006458,0,0,0.45
7217,711494208,0,0,0.93
9448,713686008,0,0,2.34
2586,712338033,0,0,18.31
8422,710401458,0,0,12.17
6407,716019333,0,0,0.34
5088,718994583,0,0,5.08
6021,712434708,1,0,6.29
4971,789670533,0,0,4.86
7695,787529583,1,0,22.4
3143,716211258,0,0,45.83
3630,712011633,0,0,0.54
883,809967783,0,0,32.49
4671,772231233,0,0,0.89
5782,779954658,0,0,7.16
8538,717874533,1,0,9.28
9675,795218883,0,0,0.3
6667,711389358,1,0,0.96
2089,718428033,0,0,1.02
1006,778929783,1,1,86.27
6845,708453408,0,0,11.15
8688,715469583,0,0,1.89
2705,816890883,0,0,2.55
8164,717284133,0,0,2.48
1078,820584408,0,0,10.78
7736,767388783,0,0,13.44
1840,808273533,1,1,54.15
8045,718858683,0,0,17.01
663,712797258,0,0,16.01
243,708874533,1,1,95.06
4342,778878633,0,0,1.16
5716,789531633,0,0,1.85
8034,709571958,0,0,37.35
9522,794692158,0,0,11.66
2897,712801758,0,0,0.38
2401,720228708,0,0,37.47
2675,824667708,0,0,0.97
4547,817422408,0,0,3.48
9952,717991533,0,0,0.16
6622,753365883,1,1,77.49
2597,719483358,0,0,2.82
6768,718021608,0,0,7.56
10016,718840833,1,1,51.71
7598,794567133,0,0,4.14
7020,711862533,1,0,6.47
1221,780605508,0,0,8.99
6645,798280683,0,0,0.3
8465,789373683,0,0,12.09
8865,716725008,0,0,1.05
6342,710792733,0,0,3.23
6496,709243533,0,0,0.96
5415,708154833,1,1,92.73
2757,710958033,0,0,17.29
2333,716823408,0,0,0.21
2979,716363658,0,0,9.62
4966,714915633,1,1,84.7
1947,709974108,0,0,7.8
6699,715571583,0,0,0.24
5822,711508608,0,0,13.81
9230,715630983,1,0,7.22
8156,711598533,0,0,9.22
382,712595433,0,0,8.68
7623,779114283,0,0,11.16
9254,720535008,0,0,3.0
7057,819631158,0,0,1.28
6860,719815383,0,0,1.16
6367,708536283,1,0,8.45
7525,715303608,0,0,0.3
4401,709567758,0,0,1.02
10025,711834708,0,0,0.81
1910,716569983,0,0,8.5
6047,713858733,0,0,1.38
4095,718871358,0,0,1.04
8450,712683633,1,1,70.96
2110,773442258,0,0,11.31
1696,720814233,0,1,61.63
8043,716351208,0,0,1.9
4107,709227033,0,0,1.45
667,783910008,0,0,4.03
3766,804415083,1,1,64.3
9876,789074358,0,0,0.36
8326,756944133,0,0,1.2
4882,779703258,0,0,6.3
4583,714678408,0,0,3.53
3175,814364808,0,0,3.18
1792,715760733,0,0,45.04
5771,713607108,0,0,0.65
5995,710476908,0,0,5.4
6101,709368483,0,0,1.32
459,717392358,0,0,1.53
7027,789634983,0,0,0.06
6237,720270633,1,0,36.81
7166,715047333,0,0,0.3
8245,823578483,0,0,7.01
407,709311633,0,0,28.11
9212,711826983,1,1,92.25
9379,712690458,0,0,0.28
9902,714710733,0,0,0.26
9256,709373883,0,0,0.25
6555,714672933,0,0,0.54
4752,715717608,0,0,5.34
5041,719105433,0,0,7.85
1522,719125158,0,0,6.66
5761,716602683,0,0,4.8
3778,717888108,0,0,5.38
2698,754671558,0,0,4.67
679,809825358,0,0,10.43
8244,778722033,0,0,0.59
2758,711368283,0,0,3.28
2808,721385433,0,0,36.97
4050,778433283,1,0,22.83
5386,719245083,0,0,6.12
3199,710654808,1,1,78.05
4313,708489258,0,0,8.06
7811,714923583,1,1,82.93
1070,717249783,0,0,3.28
721,809292483,0,0,16.79
9114,713486583,0,0,0.23
3503,717052158,0,0,2.06
6211,717252483,1,1,77.97
4496,715987758,1,0,30.12
8793,709238358,0,0,6.68
9941,716464533,0,0,0.07
1788,764776833,0,0,26.44
4149,780657708,0,0,10.94
4509,715583283,0,0,3.05
6603,818459733,1,1,77.3
2404,719587158,0,0,3.05
7228,716766033,0,0,4.21
7418,708519108,1,0,5.87
6203,806232408,0,0,0.9
7918,785106933,0,0,4.96
5326,793656633,0,0,3.13
1884,714130233,0,0,3.05
2629,714757908,0,0,18.61
5789,794558658,0,0,1.35
6408,820657083,0,0,2.83
1351,787515333,1,1,58.9
3983,708834483,1,1,92.24
2101,805522758,0,0,4.39
8515,709140858,0,0,9.56
3194,720983733,1,0,35.77
7209,717960033,0,0,0.48
4423,719038008,0,1,67.95
1275,820622433,0,0,3.75
5979,770968383,1,0,31.31
410,779241783,0,0,18.43
3011,708112008,0,1,51.47
1578,719688408,0,0,5.9
4990,807426033,0,0,0.86
2191,708446808,0,0,16.26
7909,715566408,0,0,6.14
3393,719341683,0,0,8.37
9354,715369008,0,0,5.13
6846,716370258,0,0,18.45
6985,792695808,0,0,0.52
946,813240408,0,0,26.39
6925,770878458,0,0,1.24
3469,713701533,0,0,1.13
6507,789047208,0,0,1.1
1991,744764433,0,0,25.96
9477,822885033,0,0,0.11
8724,709558608,0,0,4.68
5053,720667383,0,0,0.22
7521,708897408,0,0,4.31
3516,716194683,0,0,13.49
2151,716128083,0,0,9.9
1843,720540708,0,0,40.41
463,781794708,1,1,65.66
2723,820651908,0,0,25.18
6220,778550583,0,0,3.03
3731,713764458,0,0,1.25
5431,720204558,0,0,1.14
8294,772271508,1,1,92.56
7004,715866033,0,0,1.47
8600,711542358,0,0,26.85
131,822063408,0,0,0.1
3829,708937608,0,0,5.17
5343,789481233,1,0,10.98
9255,711578658,0,0,0.8
5266,788646858,0,0,1.98
7566,719834208,0,0,0.1
5464,717179508,0,0,0.63
5817,755661933,1,1,61.43
5543,719613783,0,0,13.91
902,711309033,0,0,0.34
4779,710622333,0,0,3.94
6461,720924633,0,0,15.7
8267,708190158,1,0,32.05
8985,801064833,0,0,0.98
9822,714820158,1,0,0.39
3377,716014983,0,0,2.47
2598,719647383,0,0,6.01
8834,710016708,0,0,4.93
5602,771733608,1,1,93.14
7342,708136908,0,0,4.73
6777,715328658,1,0,19.42
5821,715636533,0,0,7.34
4201,789586833,0,0,0.25
2227,717885183,0,0,0.09
8647,719625933,0,0,1.92
6575,718153233,0,0,6.62
4377,708923658,0,0,1.77
3239,712146558,0,0,9.17
4185,717368208,1,0,33.99
1050,772674933,0,0,14.74
1293,827631483,0,0,14.68
4410,712575708,0,0,1.83
5791,708260208,0,0,5.22
2314,709096908,0,0,14.93
4609,711421233,0,0,0.69
3719,712283808,0,0,28.7
8455,713120433,0,0,4.44
5802,718202658,0,0,4.06
2085,804663258,0,0,10.26
9514,718096608,0,0,1.22
2661,789871233,0,0,1.53
2049,718950483,0,0,46.61
436,716302383,0,0,11.37
5534,717131283,0,0,0.54
8608,713664258,0,0,0.85
3531,712546233,0,0,4.29
5897,717903108,0,0,1.91
6409,716901858,0,0,2.14
1574,778511733,0,0,8.37
1423,716565258,0,0,35.38
3558,781117533,0,0,3.4
2492,809620833,0,0,19.4
3508,788641758,0,0,5.5
2811,717830583,0,0,0.29
3762,721513833,0,0,0.62
8754,715037133,0,0,3.31
6145,713666058,0,0,0.85
1728,794504658,0,0,0.54
3074,721158108,0,0,33.85
6233,721012983,0,0,0.61
8463,809276808,0,0,16.76
4513,721365033,1,1,74.65
4495,809538783,0,0,0.99
84,794543958,0,0,1.1
8751,715599633,0,0,10.43
181,715315833,0,0,5.07
8607,715260558,0,0,16.72
8646,721212258,0,0,6.24
3027,716497908,0,0,10.51
3538,709289358,0,0,5.45
3748,713971608,0,0,0.71
3582,819151083,0,0,13.4
9895,708880683,0,0,1.15
9198,718328283,0,0,1.02
2742,718934058,0,0,6.16
2670,771693933,0,0,36.33
7165,708108333,1,1,92.41
563,716149383,0,0,15.69
7110,710989008,0,0,2.9
4979,712229283,1,1,75.66
6913,717072108,1,1,83.32
9878,720618033,0,0,14.36
1438,713819283,0,0,0.25
123,785387883,0,1,53.98
4442,824163333,0,0,7.87
4318,713482608,0,0,0.14
7187,720062508,1,0,21.61
1143,788826408,0,0,1.08
5123,720449208,0,0,1.47
3321,789964983,1,1,93.28
4110,714296358,0,0,1.45
2712,712255458,0,0,8.82
3669,772472208,0,0,4.43
3055,716353083,0,0,6.85
8487,720299283,0,0,3.84
5363,802247658,1,0,44.59
6348,804045933,0,0,0.42
322,711569433,0,0,1.38
6916,717862308,0,0,0.62
2873,719902908,1,1,92.19
8490,788290383,0,0,15.97
8562,715829358,0,0,4.01
7155,794675058,1,0,4.27
753,756065433,0,0,8.21
3964,714365883,0,0,28.21
7510,712669983,0,0,2.1
2512,796336833,0,0,3.91
4992,711918033,1,1,54.57
8980,779187783,0,0,1.53
5040,810868758,0,0,0.31
7011,797389758,0,0,1.43
1346,721217283,0,0,19.57
5811,767668908,1,1,85.83
1869,716102583,0,0,0.24
6704,721399833,0,0,1.51
7516,720563958,0,0,0.72
8262,713068833,0,0,1.86
517,793473033,0,0,3.02
3413,721538883,0,0,21.29
4923,709788783,0,0,3.33
5422,768167358,0,0,0.23
981,710045058,0,0,10.78
994,717561108,0,0,26.95
2562,779484408,0,0,0.72
1839,711119358,0,0,0.96
8163,718632933,0,1,60.8
5337,721473783,0,0,1.27
295,716458983,0,0,1.86
4372,820282383,1,0,24.96
3739,721308033,1,0,14.56
8981,720809358,0,0,0.55
2424,779618433,0,0,0.34
6194,718748133,0,0,1.78
2473,716456808,0,0,6.87
548,769137108,1,1,88.87
7097,714693708,0,0,1.65
2276,715143333,0,0,0.41
6218,713463708,1,1,77.28
3473,806264958,0,0,4.3
6214,711064008,0,0,3.39
2815,820020258,0,1,75.59
2046,771183933,0,0,7.93
9684,713036208,0,0,0.09
8996,712918083,0,0,8.06
2300,719568333,0,0,17.9
5292,712048008,0,0,7.42
2713,789494133,0,0,10.48
9850,710639658,1,0,0.5
5738,768162108,1,0,31.26
10023,715154058,1,0,7.46
4366,803113383,1,1,71.96
2486,714030183,0,0,8.11
2898,719836083,0,1,73.88
6319,809445858,0,0,1.61
9616,751155783,0,0,0.18
7203,713957283,1,1,75.58
5549,714634983,1,1,73.11
4504,711673983,0,0,0.76
4995,720682308,0,0,1.94
1211,788107683,0,0,7.0
3606,709804533,0,0,7.76
8374,771630783,0,0,2.6
4963,721276383,0,0,1.37
9814,718805733,0,0,0.03
855,789528183,0,0,8.68
859,787595658,0,0,18.67
8614,718320933,0,0,0.5
9257,780730008,0,0,0.5
819,816829608,0,0,25.19
8605,713894358,0,0,15.14
2822,798988983,0,0,0.23
7105,716758008,0,0,0.24
7553,709965858,0,0,0.88
8840,720474408,0,0,1.53
8584,713487633,0,0,1.35
1655,713259858,1,1,69.94
9125,799468083,0,0,0.56
684,813453408,0,0,26.11
9294,721169883,0,0,0.61
7793,805524708,1,0,9.83
664,769170558,0,0,39.28
5209,720436008,0,1,63.35
2724,710884683,0,0,1.44
8881,757667133,1,1,60.08
3374,711852783,0,0,2.08
3883,798687258,0,0,1.02
9224,715830558,1,0,0.38
4684,713452533,0,0,14.77
4849,712481733,0,0,10.12
5324,821889858,1,0,20.36
5508,710506683,0,0,2.32
5929,809846283,0,0,2.99
9673,717464958,0,0,1.21
9140,714352533,0,0,4.9
1943,711782733,0,1,76.57
1611,787983633,0,0,2.52
6629,717381183,0,0,5.24
5823,716669658,1,0,17.07
1336,769579608,0,0,38.91
2031,821296083,0,0,39.36
6592,799031958,0,0,1.92
1384,709855608,0,1,79.1
8689,709235058,0,0,1.24
2913,717843783,0,0,8.64
6638,787454133,0,0,10.67
8777,709893858,1,0,0.72
4384,711655683,0,0,19.72
1990,780689733,0,0,1.49
5373,815596608,0,0,6.08
5988,718267233,0,0,1.1
6236,715725858,0,0,0.73
8795,812794983,0,0,1.83
9533,714294183,1,1,87.91
9178,779349783,0,0,0.7
723,779557533,0,0,14.3
4044,721388283,0,0,27.71
9045,750690258,0,0,1.38
2929,718216008,0,0,2.55
9295,719324658,0,0,1.31
6242,717181833,0,0,5.48
5733,803657133,0,0,0.42
7770,719981508,1,0,45.19
3887,716321583,0,0,17.84
6331,711676008,0,0,2.29
1770,711776433,0,0,4.88
178,712977183,0,0,5.68
5179,788770908,0,0,0.75
1627,815299833,0,0,1.82
8121,778228458,0,0,23.28
6465,711221958,1,1,81.12
9905,718298733,0,0,9.24
3468,720865383,0,0,3.06
4419,719343633,0,0,2.06
3979,789293358,0,0,10.08
7465,712098033,0,0,3.51
1268,768490458,1,1,61.07
6404,716311683,0,0,1.68
494,712138983,0,0,6.1
7076,717855933,0,0,3.28
9370,717663033,0,0,0.32
1625,713536158,0,0,24.65
4572,713263758,0,0,1.25
5152,717822108,0,0,0.49
8849,771304383,0,0,2.44
4096,720186258,0,0,6.82
1568,717385983,0,1,52.93
2577,721502958,0,0,42.6
9626,794132808,0,0,0.3
3254,720724008,0,0,2.34
9062,716837508,0,0,2.41
5151,710738883,0,0,10.37
8816,714417183,0,0,2.87
5524,710201058,0,0,9.6
2115,719996958,0,0,31.55
1656,787516908,0,0,6.79
3969,788350908,0,0,8.11
2207,708445608,0,0,0.95
743,709117533,0,0,12.61
9563,712231308,0,0,0.15
9819,716894658,0,0,0.03
9063,711249858,1,1,72.29
3346,826410708,0,0,7.29
5873,771224358,0,0,8.78
110,710916408,0,0,17.81
8434,720518283,0,0,7.61
9835,716151858,0,0,0.13
927,789368658,0,0,25.57
8427,717004533,0,0,1.33
7008,771499233,0,0,1.62
5913,826473858,0,0,0.39
9225,716406483,0,0,2.0
5861,721511883,0,0,1.34
5678,711567333,0,0,1.67
4388,811475733,1,1,69.2
6504,795713058,0,0,0.79
2711,718373658,0,0,0.08
4936,720398958,0,0,0.99
4822,716680983,0,0,1.67
4834,718762308,0,0,1.1
7928,769578108,0,0,6.2
6351,799475658,0,0,5.01
7146,713000058,0,0,20.81
7481,719410083,0,0,2.63
6011,785262333,1,0,12.64
9376,719210133,0,0,0.78
3405,718307433,0,0,4.48
8567,721274208,1,0,32.54
2733,713233908,0,0,1.53
1553,710364258,0,0,5.73
8997,715459158,0,0,4.56
8622,714047733,0,0,2.09
9654,712390683,0,0,0.69
4184,803796708,1,1,99.54
5011,720028683,0,0,5.31
2905,771599283,0,0,40.16
6539,788667408,0,0,0.31
4130,708724908,0,0,9.96
5447,788752833,0,0,2.71
1948,757024233,0,0,6.4
7763,720590058,1,0,30.66
4883,709719333,0,0,2.32
8593,718530258,0,0,1.77
7034,709728183,0,0,10.21
4861,758653833,0,0,5.5
10063,788779983,0,0,0.03
6616,713396358,0,0,4.13
5646,709741608,0,0,11.33
6516,721238508,0,0,7.88
8771,711325308,1,0,36.05
9348,709934808,0,0,0.64
3637,708119658,0,0,14.6
147,818839983,0,0,4.38
5556,719042208,0,0,14.08
6484,779279883,1,1,89.89
1327,778734108,0,0,29.15
4625,716094333,0,0,0.51
6097,714652383,0,0,2.96
2238,711734508,0,1,81.89
3356,708871158,0,0,48.17
9594,804158583,0,0,0.26
1084,753856008,0,0,3.73
9619,710980383,1,0,13.54
7333,789637308,1,1,80.89
7698,804583833,0,0,0.35
5446,714036258,0,0,7.39
5021,712967508,0,0,0.56
1372,716162583,0,0,2.59
8535,710937783,0,0,2.87
7403,771872733,0,0,0.23
5047,717733158,0,0,0.38
8815,712931733,0,0,13.33
3352,756624183,0,0,0.83
9779,718919433,0,0,2.69
1478,708799983,1,0,22.38
9803,708482658,0,0,0.12
4518,716995083,0,0,3.65
5246,713014533,0,0,2.89
6583,719986758,1,1,94.3
6136,715398858,0,0,2.01
5656,717450633,1,1,61.79
3319,708355683,0,0,34.05
8611,798546408,0,0,2.21
549,717640083,1,1,87.17
8028,715549158,0,0,2.12
6776,713981283,0,0,0.59
4376,718516533,0,0,0.34
1676,711436083,0,0,7.76
6106,789105183,0,0,0.48
8505,822170733,1,0,2.14
7121,718570158,0,0,1.27
7950,710794983,0,0,1.55
6403,710359458,0,0,1.59
4777,712834533,0,0,1.6
2283,719494983,0,0,7.1
2559,815838633,0,0,9.41
3166,803026008,0,0,20.43
7311,718324983,0,0,1.04
8941,721053633,0,0,0.48
6876,720927183,0,0,27.77
4170,718271958,0,0,2.06
876,718050033,0,0,10.71
7973,820694133,1,0,40.34
2665,708947208,0,0,1.7
9561,789684258,1,0,22.37
4187,780206958,0,0,1.41
8629,718433508,0,0,9.61
5362,783500283,0,0,1.06
4070,708469533,0,0,0.61
2644,714093108,0,1,50.89
3715,718063083,0,0,0.07
6061,715503558,0,0,1.06
9859,714136233,1,0,4.58
1975,714073983,0,0,25.72
6950,715235808,0,0,4.99
1727,708208758,0,0,2.99
2065,714225333,0,0,14.28
5311,771108933,0,0,12.68
9116,823539558,0,0,2.67
9067,712938258,0,0,1.05
2208,778943883,0,0,15.48
7613,779302233,1,1,76.71
8738,718491708,0,0,6.9
5137,713696808,1,1,50.43
469,711864783,0,0,23.84
4899,772655733,0,0,0.72
2042,768212583,0,0,11.26
4603,718352358,1,1,81.53
9458,710155158,1,0,21.1
8750,715624533,0,0,12.49
9323,714128283,0,0,0.71
4531,712723608,0,0,6.92
735,719989008,0,0,3.92
1155,713693958,0,1,85.66
685,818248383,0,0,20.24
99,711887583,1,1,88.41
8670,771719283,0,0,1.1
2989,716878533,0,0,6.82
1588,714939708,0,0,0.71
139,715674483,0,0,29.39
8928,711167808,1,1,65.74
2453,772514808,0,0,7.48
7286,715565058,0,0,16.52
5511,709169133,0,0,6.44
2206,708735183,0,0,25.89
8623,710061783,1,0,7.27
3414,718835583,0,0,0.22
1808,721234308,0,0,1.03
1942,789370383,0,0,4.9
4862,771288258,0,0,0.97
6020,789575583,0,0,0.43
8179,710797833,0,0,8.53
7730,806970033,0,0,2.2
3339,827341383,0,0,0.48
6871,717026658,1,0,43.54
4354,767354208,0,0,4.16
6110,712133508,0,0,0.89
4398,718072758,0,0,0.23
3536,717886008,0,0,6.7
8727,717535083,0,0,2.55
107,717929133,0,0,6.68
3004,709695333,0,0,3.08
2348,795810633,0,0,8.68
9446,714794133,0,0,0.16
2244,779528658,0,0,39.12
2701,719535558,0,0,0.29
9455,767023308,0,0,3.77
798,708313608,0,0,0.6
9010,720655833,1,1,50.5
3950,806947308,1,1,59.86
4874,711654558,0,0,3.41
5169,711341433,0,0,1.0
8436,789296133,0,0,28.41
720,720344658,0,0,1.56
2805,708382083,0,0,8.78
1498,799498158,0,0,6.84
5468,789396783,0,0,12.86
424,712981383,0,0,30.76
4919,711255858,0,0,1.86
2903,717427983,0,0,20.55
6302,713119308,0,0,17.5
6970,708158133,1,0,8.77
3099,767523933,0,0,0.52
9840,711398433,0,0,0.36
2461,797166633,0,0,1.57
6151,711507783,1,1,91.94
4802,770024733,1,1,88.04
8835,709434408,0,0,0.87
67,788730933,0,0,42.61
607,814852533,0,0,13.18
10071,713281833,1,0,0.09
6370,710369658,0,0,0.21
484,709110633,0,0,20.42
9022,714880533,0,0,1.01
6921,789301458,0,0,0.24
3247,715688958,0,0,1.14
5533,718574808,0,0,9.08
8069,717684858,0,0,8.26
9943,710081208,1,0,8.51
9938,720539583,0,0,0.94
8349,717334233,0,0,3.61
4425,710186958,0,0,1.49
7917,720236433,0,0,12.14
460,718640508,0,0,11.03
3890,743912958,0,0,12.62
5139,716373483,1,0,19.83
2491,778724058,0,0,5.48
6396,711949683,1,0,4.88
7212,718572408,0,0,2.17
6996,717346833,0,0,16.34
1767,787570758,0,1,55.78
7925,715012833,0,0,2.72
5251,826077033,1,1,66.83
8970,718889508,0,0,1.74
1547,826513233,0,0,0.8
782,710831133,0,0,1.46
3126,709447908,0,0,2.55
7591,721253508,0,0,0.11
3534,715905633,0,0,1.83
6576,716122008,1,1,69.78
137,717721458,0,0,0.48
9380,718758783,0,0,0.67
7227,803380383,0,0,6.99
6292,713594883,1,0,20.32
3951,714899283,0,0,1.47
7430,713405133,0,0,0.27
6240,708525108,0,0,3.57
8096,779877858,0,0,7.78
5714,717074283,1,1,51.16
9860,778888083,1,0,19.23
6121,716932308,0,0,0.93
6903,818930808,0,0,1.88
2014,820044333,0,0,3.53
2312,825756333,0,0,2.92
7439,714981483,0,0,0.43
3203,711699183,0,0,0.94
7637,779551533,0,0,6.79
1197,710180958,0,0,13.9
4135,794528283,0,0,5.07
8576,813810333,1,0,8.98
1783,720145683,0,0,5.78
8067,714848958,1,0,44.07
3238,710248233,0,0,0.62
2169,718181433,0,0,0.07
4261,787563858,0,0,5.37
3094,716387733,1,1,99.08
2683,708171858,0,0,1.1
7850,798045708,0,0,2.57
3608,711670308,0,0,3.17
6795,719973033,0,0,4.1
8574,787482033,1,1,98.98
6432,714315858,0,0,0.65
3384,709716258,0,0,10.26
3102,712612233,0,0,40.32
7294,708870408,0,0,0.58
8023,789491058,0,0,6.74
2022,712887633,0,0,8.27
454,714900408,0,0,45.55
21,708508758,1,1,96.11
8848,721227258,0,0,11.52
6364,716310633,0,0,0.17
6017,710013258,0,0,11.15
9789,718531983,0,0,0.29
6703,758367933,0,0,2.27
3131,708255633,0,0,13.45
4150,771342183,1,1,54.95
6562,720070383,0,0,0.52
3903,780307233,0,0,1.91
7448,708397008,0,0,9.77
2390,717000858,0,0,3.63
9877,712036383,1,0,6.93
5098,720014358,0,0,2.8
2456,712005108,0,0,24.97
2966,786087633,0,0,0.75
6665,713927283,0,0,0.17
7869,816129258,0,0,17.11
2821,711659958,0,0,3.9
8693,721445658,0,0,5.34
9574,718486608,0,0,1.5
60,787584108,0,0,10.58
439,794496033,0,0,3.87
7030,719990358,0,0,2.35
7444,716218908,0,0,0.92
140,789322833,1,1,97.25
3649,711372258,0,0,4.07
7507,711391308,0,0,0.41
5030,714286383,0,0,16.99
1736,709035708,0,0,32.45
7932,714930333,1,1,64.28
7340,719414658,0,0,7.67
6648,708890958,0,0,1.17
656,712490283,0,0,10.29
5221,716671983,0,0,4.66
1226,821836008,0,0,14.49
8284,814989933,0,0,12.77
4690,712724733,0,0,0.64
6563,720322008,0,0,1.47
843,752666508,0,0,47.14
6007,721287183,0,0,2.56
4282,713333433,1,1,95.96
4174,717176508,0,0,4.83
3486,711184983,0,0,1.78
7346,767058183,0,0,10.77
9864,720633558,0,0,5.45
7709,807173358,0,0,1.74
2476,784891458,0,0,11.85
1283,713194608,0,0,0.66
8225,718147233,0,0,3.08
7942,772346358,0,0,10.56
9145,713552958,0,0,1.18
9286,788687133,0,0,0.35
7939,712831908,0,0,7.22
5462,711336033,0,0,5.01
1546,824165658,0,0,5.88
4494,715627833,0,0,0.26
338,778928283,0,0,15.48
8719,711136008,0,0,3.58
6937,711497283,0,0,1.97
9104,710295858,0,0,1.54
1189,826478958,0,0,28.21
7549,718829358,0,0,2.34
7905,709927458,0,0,8.42
4032,720755658,0,0,6.53
4703,716471508,0,0,1.01
934,721129383,0,0,3.65
3243,718828083,0,0,2.18
1174,787438983,0,0,6.5
4049,708394908,0,0,1.54
6803,709668408,0,0,4.29
6278,801053208,0,0,1.22
2853,821149008,1,0,32.37
8239,708952758,0,0,3.08
1573,712576908,0,0,9.35
1255,798158808,0,0,13.18
5155,778959258,1,1,52.85
3865,779450958,0,0,0.49
6848,708660408,1,0,28.37
5360,779307558,0,0,20.05
4348,815761908,0,0,3.83
6945,712531008,1,1,68.38
2505,710233683,0,0,7.09
5323,709199358,1,1,98.91
6411,817607358,1,1,91.48
9094,710814633,0,0,2.26
351,811898133,0,0,30.04
7045,789231858,0,0,1.95
5754,713256033,0,0,4.86
3604,717983058,0,0,3.28
9582,721402233,0,0,0.13
408,709470858,0,0,19.49
7636,712755783,0,0,14.62
5459,716614683,0,0,3.65
3330,801373833,0,0,5.21
2381,717310458,0,0,17.67
6656,713254983,0,0,1.66
4306,718088133,0,0,1.07
9442,714682233,0,0,0.75
7671,788885133,0,0,1.17
9586,784868958,0,0,0.02
3438,713750583,0,1,66.67
9534,714637908,0,0,0.13
5546,712996833,0,0,0.7
1014,789886533,0,1,80.04
6024,712574583,0,0,1.39
3440,708626058,0,0,1.86
3010,709104333,0,0,11.16
4005,708687483,1,1,97.7
65,788979258,0,1,53.3
2362,786480183,0,0,8.63
2543,719146008,1,0,28.82
2876,772449858,0,0,5.51
1170,796990908,0,0,1.62
9820,714082308,1,0,4.57
3777,713446083,0,0,6.54
1789,710795883,0,0,2.29
100,714778833,0,0,15.15
168,713741358,1,0,25.9
8880,716212383,1,0,8.19
6748,803197833,0,0,2.5
8972,788618208,0,0,16.12
4058,715849983,0,0,3.69
9036,787539333,0,0,1.79
106,779509983,0,0,5.6
5378,714382608,0,0,0.61
7137,802455633,0,0,6.49
6878,721122258,0,0,14.73
1056,795795408,0,0,2.39
4908,713641233,0,0,23.43
1977,710375283,0,0,22.25
9966,804431283,0,0,0.04
5916,712894308,0,0,5.93
8857,714342033,1,0,36.33
5437,775152708,1,1,77.38
3023,718637208,0,0,23.18
4188,779906658,0,0,10.35
3237,827049558,0,0,1.64
6793,711337158,0,0,2.04
6068,711607833,0,0,0.04
7823,714811533,0,0,6.11
7924,780360558,0,0,5.14
4131,789025083,0,0,0.33
3708,719260608,0,0,4.83
2625,717066408,0,0,4.71
5355,709179708,0,0,4.73
7096,713706258,0,0,0.81
8093,717853233,0,0,5.73
6577,714960408,1,0,34.33
5113,715502808,0,0,0.83
2358,711929058,0,0,0.42
4709,712096758,0,0,0.87
221,714606558,0,0,2.87
5768,709273383,0,0,0.47
6046,715710708,0,0,1.27
2143,709185108,0,0,15.28
7483,711904008,1,1,82.65
8781,822125283,0,0,1.51
6410,756571983,0,0,0.51
85,716396358,0,0,2.91
2420,719976558,0,0,23.83
6694,789454683,0,0,2.35
823,714648933,0,0,18.61
1638,781326483,0,0,1.11
7140,718466883,0,0,0.3
119,715259583,0,0,12.94
7331,715306983,1,1,90.65
9179,789450408,0,0,3.52
3372,713005908,0,0,0.71
6589,720349983,0,0,6.79
9190,817908783,0,0,0.93
8741,713872833,0,0,4.33
2116,719889408,0,0,46.01
9314,708573933,0,0,6.39
1494,789079758,0,0,34.62
7847,756306183,0,0,0.66
3470,778895883,0,0,3.05
5920,779670783,0,0,4.67
1118,718264233,0,0,3.96
8744,717248583,0,0,1.33
4776,716961933,0,0,2.78
8169,713274183,0,0,3.96
3579,769962933,0,0,10.34
7772,715123983,0,0,0.68
6129,713744058,0,0,0.51
6440,720815208,1,0,48.86
1584,715256658,0,0,2.84
361,788830683,0,0,1.21
9069,709046958,0,0,0.24
507,712049208,0,0,4.06
2671,827984658,1,1,64.38
3047,720877083,0,0,0.33
8147,714843483,0,0,1.97
3210,708707808,0,0,1.22
8855,778172583,0,0,5.27
4295,708506508,0,0,0.62
4233,789382758,1,0,13.19
4439,714389883,0,0,0.43
775,802002858,1,1,79.24
6454,714250908,1,0,3.89
9341,713758758,0,0,0.12
4683,788832033,0,0,11.59
3628,714496083,0,0,43.86
2827,770937183,0,0,0.98
6380,718826883,1,0,49.8
7412,713597658,1,0,6.43
8357,718742808,1,1,75.56
7674,757643733,0,0,3.65
5198,709666908,0,0,0.65
551,708579633,0,1,59.87
1360,769145733,0,0,21.06
288,709173108,1,0,26.57
2421,718824783,0,0,2.35
7199,795684783,0,0,3.23
8013,719176308,1,0,25.6
8999,713003358,1,1,77.29
1521,719692983,0,1,57.45
4132,713804058,0,0,0.41
9003,788725608,0,0,5.02
6361,710883483,0,0,2.23
1482,739692933,0,0,31.35
3992,717281658,0,0,21.21
1609,714069858,0,0,8.0
6395,801508383,0,0,0.25
6050,719614758,0,0,1.25
9231,712768983,1,0,18.42
7213,749571633,0,0,2.93
5413,715487733,1,1,57.2
9265,717177783,0,0,2.4
8062,714256758,0,0,8.14
3718,719770158,1,1,98.79
3809,712542258,0,0,0.38
7537,713355708,0,0,4.62
5552,712676208,0,0,0.92
6082,711801933,1,1,91.07
6252,712222758,1,1,86.43
9511,711360783,0,0,0.18
6123,772409733,0,0,0.46
1439,710424408,0,0,4.22
891,714970458,0,0,2.18
9450,717518733,1,0,9.45
434,716988633,0,0,3.84
6325,716790633,1,1,62.6
3465,789407958,0,0,1.46
7428,771230508,0,0,1.48
8685,713208033,0,0,6.96
2371,716059608,0,0,16.88
9957,818987958,0,0,0.16
6632,780567408,0,0,0.3
7810,719512983,1,1,94.9
3817,710096658,0,0,28.57
228,788900883,0,0,46.86
10111,710734308,0,0,0.04
9015,757863258,0,0,4.44
8506,708224133,0,0,8.7
4507,779694183,0,0,2.82
2037,717866133,0,0,33.23
10086,824150733,0,0,0.05
676,710429358,0,0,10.48
5134,720068808,0,0,5.05
1440,709493283,0,0,46.0
5054,822952158,0,0,18.33
9129,798553158,1,0,22.72
6651,714965958,0,0,1.0
3499,717358158,0,0,0.87
9679,710810883,0,0,0.5
1254,771816408,0,0,5.17
8587,823833483,0,0,1.52
3970,818322033,0,0,8.86
5526,770740308,0,0,3.02
5961,714075708,0,0,6.28
8236,712790358,1,0,19.04
5860,710611683,0,0,0.11
3505,716156508,0,0,13.53
7404,718816158,0,0,4.17
5967,716641983,0,0,3.01
2593,712816833,0,0,5.14
6580,714266883,1,0,47.59
4835,716841783,0,0,1.72
829,716043258,0,0,3.48
8854,716350008,0,0,0.77
8757,712075083,1,1,52.32
8285,711847833,0,0,10.91
5559,709460883,1,1,61.04
10057,718043583,0,0,0.3
8480,778264008,0,0,1.66
9472,719039283,0,0,0.73
1141,714078558,1,1,51.3
187,812627208,0,0,28.77
7754,716953083,0,0,1.02
5125,766111383,0,0,9.2
2320,751469808,0,0,11.55
7040,715995933,0,0,0.15
5130,788940558,0,0,0.22
3755,772095858,0,0,6.6
9410,757786608,0,0,0.31
2582,709554483,0,0,4.92
828,717707133,0,0,0.25
8612,779018508,0,0,1.3
2273,709932558,0,0,4.97
9838,712374708,0,0,0.25
7336,794172033,1,0,48.66
4241,717812133,0,0,16.63
5213,720202008,0,0,2.44
8948,708472008,0,0,4.19
2872,720688158,0,0,47.86
6977,716511483,0,0,3.48
9829,801502008,0,0,0.03
10124,716506083,1,0,20.35
4420,718711158,1,0,27.11
2751,715629783,0,0,1.14
4200,715155033,0,0,0.41
5998,714010383,1,1,93.66
3151,787578183,0,0,6.86
2354,778728783,0,0,1.63
1290,710475408,0,0,1.93
1079,719392833,0,1,57.45
5388,720234708,1,0,25.61
3614,716393958,0,0,1.27
2469,721475133,0,0,6.91
6266,709665783,0,0,3.89
2071,814312308,0,0,34.64
8359,721426383,1,0,36.4
4539,797138883,0,0,2.64
4929,770917608,0,0,5.5
7960,815789883,0,0,16.68
1965,711199008,0,0,0.97
8259,713931258,1,1,95.48
7540,716313858,0,0,0.21
2239,715153158,0,0,5.56
8760,772404633,0,0,8.76
4710,811463283,0,0,0.81
4120,714021183,0,0,4.26
3225,804649833,0,0,12.79
4799,713600958,0,0,7.06
2309,770985633,0,0,0.98
6116,719782458,0,0,2.31
2010,772360683,0,0,25.99
8226,713700258,0,0,9.65
3314,826079508,0,0,4.55
3554,772669833,0,0,9.43
741,719068683,0,0,28.63
4128,709739283,0,0,0.69
7223,720872433,1,1,89.99
2228,716244033,1,1,86.49
1054,713030958,0,0,8.94
738,717321783,0,0,9.67
7208,778933983,0,0,5.59
6778,708918558,1,0,10.82
8352,719281533,0,0,2.24
9459,713330133,0,0,1.5
2810,720409608,0,0,4.4
5893,710116833,1,1,82.01
1188,714350658,0,0,2.39
6766,808950108,0,0,12.14
4714,709166883,0,0,1.78
930,801499908,0,0,35.84
89,778992108,0,0,9.12
7895,714237033,1,0,9.67
8115,711456108,1,0,30.38
68,711314058,0,0,1.35
3891,712294083,1,1,82.55
4392,714834258,0,0,2.53
4125,770938533,0,0,5.85
7990,712853358,1,1,75.65
6400,715477233,0,0,3.9
9944,717482658,0,0,1.03
5396,708997833,0,0,7.2
1288,713407458,0,0,1.9
4136,794856033,0,0,9.26
8864,720939933,1,1,71.93
9291,714968208,0,0,1.54
7978,716060358,0,0,4.7
9293,720621408,0,0,3.67
780,780598383,0,0,6.38
404,715192308,0,0,11.21
6125,816378033,1,0,19.54
4455,714043008,0,0,4.9
5052,708542283,0,0,2.6
7608,712566258,0,0,0.16
8079,712300683,0,0,2.98
6521,814091058,1,0,3.71
3050,758202858,0,0,13.35
9588,719368533,0,0,5.38
223,714171108,0,1,52.19
5290,771688983,0,0,0.45
3849,717151383,0,0,4.19
5234,708272808,0,0,2.78
4173,809360883,0,0,0.35
4047,771460158,0,0,0.62
4666,780146658,1,0,47.77
5212,708681708,1,1,84.98
8038,717541308,0,0,5.05
9783,708462258,0,0,1.46
7201,717870108,0,0,1.7
9081,708500883,0,0,5.24
9643,721220583,0,0,0.12
8783,711084183,0,0,5.44
8642,712884408,0,0,0.28
3444,789603183,0,0,18.09
267,708528483,0,0,1.33
4756,719344608,0,0,0.88
6075,709603608,0,0,0.18
5717,820593033,0,0,5.13
7356,713948808,0,0,0.67
8286,772837083,0,0,2.42
9369,708662583,1,0,39.01
1032,708358683,0,0,11.29
9268,718045008,1,0,3.96
9623,709971708,1,0,21.97
5395,809937933,0,0,0.5
8874,736786908,0,0,1.47
6058,709153008,0,0,1.29
1784,714832383,0,0,0.87
7262,820047858,1,1,76.38
9180,709210833,0,0,0.66
6469,712092783,1,1,51.95
2221,713104458,1,1,95.84
3498,817965858,0,0,4.3
7016,717924933,0,0,2.88
3113,816084333,0,0,2.64
7602,716176683,0,0,0.1
2566,709886583,0,0,2.04
2951,755615208,0,0,3.58
8025,720961383,1,1,64.66
4279,780203883,0,0,5.52
161,714133158,0,1,69.87
638,802276683,0,0,13.42
6731,711122958,1,0,27.21
8162,711011508,0,0,13.28
4549,710671608,0,0,14.46
9512,708285108,0,0,0.17
4473,768420558,0,0,4.86
4647,710445183,0,0,1.75
6515,718279008,1,1,57.23
2968,719527833,0,0,4.95
6384,815504583,1,1,90.59
3150,720529308,1,0,11.37
8135,771400608,0,0,1.25
1066,721265883,0,0,38.06
4204,741116058,0,0,5.73
9825,721438233,0,0,0.04
8726,719784708,0,0,1.13
7224,779403558,0,0,0.51
8597,720074583,0,0,2.95
6568,714557583,0,0,0.17
3787,714053358,0,0,1.52
7649,715847058,1,1,63.74
9759,709657533,1,0,31.12
5994,720008133,0,0,3.36
2289,773082033,0,0,44.39
6742,757527033,0,0,30.48
5086,709987683,1,1,85.01
3754,718583133,0,0,1.85
9974,809589783,0,0,0.48
6961,718032483,0,0,1.28
9540,708301683,1,0,0.19
2601,720854358,0,0,6.72
4897,715506258,0,0,0.09
3791,713079108,0,0,2.79
6765,713941158,0,0,0.85
8529,716586408,0,0,11.82
6623,770717883,0,0,1.95
5463,768141558,0,0,0.3
1477,711772008,1,1,80.85
241,710741208,0,0,32.12
5350,710661333,1,0,30.34
8917,716986458,0,0,3.88
7,818906208,0,0,46.7
1364,713529858,0,0,1.97
8362,715072533,0,1,55.75
3417,717030633,0,0,11.57
7470,711890808,0,0,0.88
7610,717908208,0,0,0.15
9858,714949758,0,0,1.12
2771,801989733,0,0,1.04
442,721469433,0,0,9.35
4870,719464758,0,0,2.34
3221,810321933,0,0,5.27
4569,718766058,1,1,86.93
9079,783121008,0,0,2.38
4193,710974308,0,0,19.92
1841,716297658,0,0,26.53
6187,711505308,0,0,1.79
895,820355433,0,0,23.63
1181,773288958,0,0,25.07
4226,770667408,0,0,0.42
3963,714727833,1,0,18.48
1589,708083283,1,0,31.88
4803,710912733,0,0,1.62
1601,717599283,0,0,5.14
6286,771518658,0,0,0.3
5576,716483358,0,0,2.55
9945,712246983,0,0,0.43
5648,709688883,1,1,77.6
3180,788030208,1,1,74.54
3788,713730933,1,1,96.44
396,721144383,0,0,11.94
8048,708995283,0,0,2.37
5032,712707408,0,0,1.6
8573,812218908,1,0,8.99
1814,716548083,0,0,1.59
687,708938508,0,0,5.83
9620,716663808,0,0,1.11
6769,788870283,0,0,2.42
2256,789952158,0,0,4.63
5670,711597183,0,0,3.69
3561,716404383,1,0,20.47
1648,721236408,0,0,9.21
8934,789304983,0,0,0.32
6406,780076833,0,0,1.31
8687,758382183,0,0,11.84
6658,715964058,0,0,0.42
8157,795855258,0,0,23.01
3705,712263258,0,0,11.97
5476,713345508,0,0,1.25
8775,712058133,0,0,42.36
8302,711492258,0,0,0.33
3418,815085708,1,1,94.68
8788,769152783,1,1,83.79
2581,826401858,0,0,12.07
1713,714002658,0,0,19.71
9076,719180958,0,0,4.48
2651,712141683,0,0,5.24
2313,755273658,0,0,20.62
827,714311583,0,1,53.03
3759,715445883,0,0,0.24
4917,708720558,0,0,3.5
3867,721252683,0,0,6.9
6180,708499608,0,0,0.33
3123,788739633,1,0,38.79
8151,788805858,0,0,1.47
7079,710914158,0,0,0.15
5735,713613258,0,0,1.51
7923,718548558,0,0,8.05
5338,712230408,0,0,7.22
1025,713053383,1,1,96.85
3139,718000383,0,0,26.69
9615,772300383,0,0,0.11
6080,718048608,0,0,0.47
2847,709284333,0,0,1.49
3207,769701258,0,0,17.66
976,717295683,0,0,2.67
8850,717600483,0,0,1.37
2536,713375658,0,0,11.78
369,713441958,0,0,15.36
10007,780079833,0,0,0.26
9207,719248158,0,0,1.51
9831,710858658,0,0,3.16
6619,712138008,0,0,1.31
6329,780032208,1,0,27.24
4333,711199908,0,0,1.25
7498,778405458,0,0,1.65
2153,757881258,0,0,0.17
4946,714100008,1,0,12.84
3655,708121908,1,1,70.35
9911,708245808,0,0,0.1
8090,779922183,0,0,1.46
6543,711846183,1,1,86.65
924,794831733,0,1,52.67
8065,787339158,1,1,91.99
2496,806889633,0,0,4.26
5696,710769258,0,0,2.43
7108,804434058,0,0,3.0
6513,711783483,0,0,5.28
8003,711968358,0,0,4.03
2451,711219333,0,0,0.57
4786,713876958,0,0,2.27
6346,752944533,0,0,0.6
5870,715724808,0,0,0.23
9836,717241233,0,0,0.3
4151,712901283,1,1,88.36
2801,715759458,0,0,6.42
6022,808675083,0,0,0.25
4094,718819158,0,0,2.91
793,715783758,0,0,34.4
9461,720353808,1,1,64.37
3792,804426858,0,0,6.12
8257,792098883,0,0,3.16
678,710280558,0,0,32.54
702,718344033,0,0,8.7
3426,711396483,0,0,10.91
1653,715785933,0,0,1.7
7393,712619808,0,0,1.15
5180,710175783,0,0,4.45
3568,787472283,0,0,1.65
9678,716457783,0,0,1.46
7461,712795833,1,1,54.65
1667,716998608,0,0,39.23
6481,711461658,0,0,0.54
1666,717667833,0,0,1.71
8841,719401158,0,0,17.41
2963,720555483,0,0,17.62
3947,718540308,0,0,2.51
6941,825753258,0,0,0.27
2489,718972758,0,0,8.82
4814,708560733,0,0,0.28
2322,709794333,0,0,1.88
2952,708147108,0,0,0.14
1001,708543258,0,0,3.54
4981,715691808,0,0,11.17
9624,715600533,0,0,0.64
3764,774760458,1,1,51.41
6880,716501133,0,0,0.68
4441,826261008,1,1,76.23
1894,721310283,0,0,35.83
7654,779866458,0,0,1.09
412,778871508,0,0,4.23
4965,713283933,1,1,84.2
4871,708442158,0,0,6.28
987,714906033,0,0,18.03
8423,720783558,0,0,3.06
4589,718547358,0,0,4.76
4785,716453883,0,0,1.3
10087,713768358,0,0,0.2
6219,789143283,0,0,2.66
2080,718843608,0,0,2.18
5353,712681608,0,0,8.91
4404,720559908,0,0,8.39
25,771071958,0,0,10.87
4663,716635758,0,0,3.03
9725,719582058,1,0,3.41
7628,720307683,0,0,7.04
546,772264383,0,0,37.47
1230,715079208,0,0,15.89
2417,711990933,0,0,21.0
3695,716628633,0,0,2.63
4073,714972558,1,1,72.67
2882,719961183,0,0,17.99
7450,708780783,0,0,7.0
868,718594608,0,1,61.11
1312,708679383,0,0,1.89
6904,713310558,0,0,0.93
0,768805383,0,0,0.67
9070,708748833,0,0,2.84
6882,789179583,0,0,0.4
8832,794482158,0,0,7.65
3456,716636808,0,0,18.16
4397,815015283,0,0,4.9
5206,711751533,0,0,2.96
1768,720371733,0,0,37.81
6730,784734258,0,0,2.91
1993,789309558,0,0,0.88
2051,711817158,0,0,30.62
6726,717365958,0,0,3.99
6066,714477408,1,1,71.4
7305,771497283,0,0,13.19
7000,818901708,0,0,1.57
9656,712966458,0,0,0.49
4197,708588408,0,0,0.8
1026,709979583,0,0,8.49
215,713837058,0,0,32.33
2220,774437583,0,0,8.83
3368,802031583,0,0,0.24
36,713962233,0,0,1.54
3013,710006958,0,0,2.94
3646,714505683,0,0,8.88
7957,806415183,0,0,4.82
6358,713964858,0,0,2.11
9316,718288833,0,0,0.38
5442,828227433,0,0,0.45
9177,721382208,0,0,0.04
3699,711340233,0,0,0.27
2519,787523283,0,0,3.23
6189,714687858,0,0,0.66
3988,720598308,1,1,90.93
95,719712633,0,0,11.57
6526,711020358,0,0,0.91
1244,719182308,0,0,1.47
5674,716108283,0,0,1.09
566,709446783,0,0,7.53
717,789513858,1,1,89.23
2520,719493858,0,0,2.25
356,788853258,0,0,1.55
3998,717592758,1,0,32.48
3900,800164083,0,0,2.33
263,778661358,0,0,11.96
9665,757291008,1,0,2.37
6092,714708183,0,0,21.61
6991,772069683,0,0,1.48
4446,720334833,0,0,0.61
2290,815288583,0,0,17.31
9570,709383933,1,0,2.62
6649,708818508,0,0,0.16
5050,811762383,0,0,0.23
943,712636308,0,0,5.9
5288,709546608,0,0,19.61
196,715872333,0,0,26.06
9029,768733533,0,0,2.75
1454,717591483,0,0,4.76
6642,709938708,0,0,1.39
6165,720256158,0,0,4.56
4272,794707083,1,1,63.12
726,717418158,0,0,8.85
850,708249708,0,0,33.31
4100,789749433,0,0,0.38
3358,818903583,0,0,0.45
6035,710563458,0,0,3.05
3944,790002783,0,0,15.27
8953,714019083,0,0,4.03
5569,788874333,0,0,7.58
1971,714971583,0,0,1.88
1335,719819958,0,0,17.74
8278,709087983,0,0,9.69
2756,716285358,0,0,36.27
4275,715716333,0,0,0.32
2649,709376508,0,0,25.77
6048,717129333,0,0,7.11
8265,766673433,0,0,5.01
627,788785083,0,0,3.45
7666,713717283,1,1,66.81
8384,709200633,0,0,42.94
9084,809425533,0,0,0.28
3873,719739108,0,0,8.23
2249,711416958,0,0,38.51
9024,709619433,0,0,0.58
9372,788778033,0,0,4.55
8407,712184133,0,0,21.93
1744,710067183,0,0,1.49
194,715735233,0,0,5.42
2930,718345233,0,0,13.9
5653,710183283,0,0,0.71
4083,709709283,1,1,95.05
9693,713318733,1,0,21.06
8140,711521958,0,0,9.79
8187,715958583,0,0,30.87
7098,721072908,0,0,1.26
2877,715992558,0,0,2.58
779,720697908,0,0,4.69
6005,719531133,0,0,10.56
7457,717278808,0,0,7.46
8560,712203333,0,0,2.6
6685,713499408,0,0,0.91
3475,716425833,1,0,21.52
3399,715682208,0,0,7.7
3941,711877458,0,0,2.48
8684,717109983,0,0,0.8
5938,789328083,1,0,48.53
5741,788630958,0,0,15.05
2888,714436383,0,0,18.44
4604,780638958,0,0,0.44
7261,714186108,0,0,1.62
1243,814833408,0,1,57.82
409,717292758,0,1,60.65
8833,780450708,1,1,86.17
8989,710822808,0,0,2.82
9184,719222133,0,0,1.24
8364,772216833,0,0,2.99
5171,716890533,0,0,0.31
4986,778965183,0,0,0.4
3009,788159433,0,0,1.27
2960,778386033,0,0,20.15
3304,715234008,0,0,4.65
4285,803938908,0,0,4.04
7748,709850508,1,1,87.39
5701,712361583,0,0,15.63
2560,826706208,0,0,6.23
3487,779601783,0,0,3.44
6397,787747308,1,0,17.9
1304,709452633,0,0,11.44
1873,713790708,0,0,1.67
6354,779486433,0,0,3.53
1209,712072908,0,1,67.66
3226,780971583,0,0,1.25
6964,708253458,0,0,1.26
1580,771086208,0,1,81.34
3942,714351558,0,0,19.34
1116,816776283,0,0,19.59
1252,714657108,0,0,10.69
901,712523283,0,1,58.62
1751,717413658,0,0,2.13
781,715345833,0,0,0.84
7911,721410858,0,0,2.81
3631,772466508,1,0,1.76
5063,778912683,0,0,0.76
3420,822964683,0,0,7.27
366,717229158,0,0,0.48
967,711644508,0,0,4.55
1912,818923158,0,0,35.53
260,788950158,0,0,12.58
6835,710163633,0,0,4.02
5664,708946008,1,0,19.71
2851,801700233,0,0,0.47
6659,721461258,0,0,0.12
6989,708303108,0,0,0.08
9216,718764708,0,0,7.73
9236,768643158,0,0,0.17
5600,793395933,0,0,7.4
6122,714738858,0,0,0.29
971,713845083,1,0,7.89
1832,780881358,0,0,7.01
2436,713625483,0,0,10.58
8444,715309083,0,0,14.11
773,713989233,0,0,0.0
395,716545383,0,0,1.17
5970,715774833,0,0,2.72
5949,785410158,0,0,13.64
7350,717725433,1,1,83.77
9239,810261633,0,0,1.03
3017,803415183,0,0,7.49
2720,716225433,0,0,1.66
8270,799242033,0,0,4.27
4242,714926508,0,0,19.34
1429,716866308,0,0,8.0
8820,711736083,1,1,63.93
4678,711406758,0,0,4.2
9949,716708583,1,1,62.21
3662,718677858,0,0,0.9
9897,710751033,1,0,37.93
2846,711835758,0,1,69.84
9394,771292233,0,0,0.65
7989,710840433,0,0,8.08
9150,816328308,0,0,0.46
1898,711615933,0,0,29.51
2199,798962058,0,0,23.18
400,788780958,0,1,54.99
7490,745124658,0,0,1.06
2729,717986058,0,0,7.5
8382,778921908,0,0,3.86
821,709682658,0,0,10.65
5842,779327733,0,0,3.99
6559,709232808,1,1,94.96
1473,711902058,0,0,17.23
8190,772585008,0,0,1.24
3782,779299233,0,0,15.54
1140,771330558,0,0,19.13
10064,718614183,1,0,8.26
1046,718362783,1,1,94.64
9832,716002458,0,0,0.24
4581,711721458,1,0,43.89
480,711870333,0,0,0.92
4821,719564208,1,0,15.22
8878,818316108,0,0,2.8
5173,718542858,0,0,0.61
7292,713935533,0,0,1.18
2870,772273983,1,1,79.33
6034,710587458,0,0,1.07
6360,771232533,0,0,4.13
4712,718146258,0,0,6.63
4538,789059958,0,0,3.41
5284,720118908,0,0,5.44
5880,718431258,0,0,5.47
5361,788846508,0,0,0.27
4780,714277758,0,0,0.25
5640,721332033,0,0,1.79
6347,713312208,1,1,88.0
6042,711067383,0,0,3.59
8334,715773783,1,1,91.89
1455,715042608,0,0,0.91
909,719391783,0,0,3.42
1133,715127208,0,0,3.85
2772,789504183,0,0,48.9
128,718039683,0,0,3.5
3800,708654933,1,1,94.2
1250,720445533,0,1,63.38
7314,789698733,0,0,0.68
4534,719267283,0,0,0.19
5592,827898033,1,0,3.39
6374,712507758,0,0,0.86
1935,710562258,0,0,12.75
7599,717609633,0,0,0.83
3859,715016508,1,1,98.17
2020,717437058,0,0,3.93
5894,718586133,0,0,1.06
5383,713447583,0,0,2.73
8080,714536208,0,0,7.38
9014,711742758,1,0,38.43
8484,717742908,0,0,0.58
956,709217358,0,0,4.19
6163,709827933,0,0,5.63
6434,721124658,1,0,31.51
8861,717895833,0,0,1.5
848,721250358,0,0,39.42
1324,779480658,0,0,49.29
6975,718518858,0,0,2.66
3392,821768658,1,1,58.66
2036,713195808,0,0,6.8
7687,789939558,0,0,0.4
3106,717472833,0,0,8.16
1742,719818983,1,1,95.62
2048,788971308,0,0,31.9
8418,713167383,0,0,3.27
4209,711916533,0,0,0.16
1374,715007583,0,0,2.0
2482,715107033,0,0,15.12
5898,815908908,1,0,26.44
4987,714462558,0,0,10.69
1469,710813733,0,1,67.03
2397,719233833,0,1,61.74
2901,771503958,0,0,1.01
8665,770842833,1,1,67.93
2909,709690158,0,0,2.55
6574,720728133,0,0,9.71
6530,818763033,0,0,0.16
26,720466383,0,0,4.33
6164,787568433,0,0,2.62
5419,715603233,0,0,0.64
9710,714586458,0,0,0.11
8769,720164358,1,1,84.81
8338,771067308,0,0,7.96
649,718939083,1,1,91.23
4155,720146733,0,0,5.68
6973,772601283,0,0,5.26
2464,779174133,0,1,64.12
3801,720283758,1,1,56.96
2474,716819958,0,0,34.64
1658,715013733,0,0,26.56
8898,779098308,0,0,1.97
468,717469158,0,0,1.91
6456,718702908,0,0,0.4
3267,720786033,0,0,15.84
1796,714111333,0,0,4.62
6749,812222208,0,0,9.32
259,779656908,0,0,11.58
3560,718788258,0,0,10.52
1476,713203908,0,0,19.6
2351,713879283,0,0,22.38
7113,762020133,1,1,69.58
8412,716333283,0,0,8.57
2483,720706008,0,0,6.95
1286,713921058,0,0,19.83
2635,708434733,0,0,6.46
2604,715731033,0,0,5.23
3202,808753758,0,0,1.04
9360,717711108,0,0,0.55
7650,721256808,0,0,0.09
8470,716354883,1,1,60.6
1306,717784983,0,0,45.53
935,721249158,1,1,97.04
7309,712431183,0,0,4.4
1067,715049583,0,0,16.68
1683,789701658,0,0,5.6
3632,708225483,0,0,3.05
2234,710129283,0,0,3.38
3253,720313083,0,0,3.22
2931,771228183,0,0,1.75
5029,720844008,0,0,0.18
3302,718882008,0,0,1.89
892,719070108,0,0,6.46
4630,747208083,0,0,1.46
8537,709824633,0,0,18.37
1459,712281183,0,0,31.63
4999,714726858,1,0,37.21
7122,711039633,0,0,21.97
1349,778426608,0,0,29.16
7739,773275083,0,0,3.61
9782,708948483,1,0,12.55
1334,789415983,0,0,32.38
9489,710451708,0,0,0.23
2548,716068683,0,0,1.06
5734,769053033,1,0,28.82
8076,771594783,1,1,96.32
3855,710874933,0,0,4.35
9773,779422458,0,0,0.84
6739,708606633,1,1,80.16
6232,708888633,1,1,53.43
7535,717985158,0,0,1.88
3922,710493558,1,1,80.35
2558,803665983,0,0,2.77
6246,711724083,1,0,4.51
9315,710758683,0,0,17.92
479,721043058,0,0,0.54
3639,765940683,0,0,1.81
3466,715118058,0,0,2.62
4370,718410258,0,0,18.56
3738,716546283,0,0,3.02
2677,809984133,0,0,18.65
8261,801518958,0,0,23.48
7351,720600858,0,0,1.0
375,809608533,0,0,2.95
6076,804661083,0,0,1.52
9439,718661958,0,0,1.29
8175,708753633,0,0,9.44
7306,714991608,0,0,20.5
5572,708324483,0,0,46.7
6875,709575858,0,0,21.93
7328,716951658,0,0,2.87
3960,711423558,0,0,4.62
5937,719100633,0,0,9.43
9044,709530408,0,0,7.51
7388,720015183,0,0,0.08
7659,789121233,0,0,0.42
1558,718418958,1,0,35.32
492,822893133,0,0,3.2
3093,711455133,0,0,19.51
5503,713334483,1,1,51.49
3289,716306583,1,0,22.3
9918,717081483,0,0,0.24
2524,779474958,0,0,0.58
7820,709641933,0,0,0.66
9355,717556758,0,0,0.53
700,719945433,0,0,20.21
2717,709479558,0,0,0.55
8946,823922208,0,0,0.88
1731,713577483,0,1,64.89
7062,811912608,0,0,0.41
6729,716131083,0,0,0.4
791,779759058,0,0,1.92
2754,711291558,0,1,52.58
87,711743883,0,1,68.27
8601,718773333,0,0,1.83
5844,710461083,0,0,3.45
2940,717332733,0,0,9.12
8280,820639908,0,0,0.67
6386,710382108,0,0,0.48
6723,709175208,0,0,1.29
8633,715038033,0,0,3.45
4985,789580908,0,0,2.03
79,710790258,0,0,10.37
7443,713661933,0,0,7.84
2187,712933083,0,0,1.34
4766,708290208,0,0,21.13
6140,717202083,1,1,87.66
841,711113958,0,0,10.84
3573,719357058,0,0,2.76
2330,712112733,0,0,0.58
5673,712479633,1,1,50.5
6808,816091608,0,0,17.01
6231,708689958,0,0,1.75
246,713779908,0,0,13.7
9049,718006608,0,0,2.63
3082,789161358,0,0,4.25
601,717517758,0,0,18.25
9747,710170758,1,0,0.18
6356,779844408,1,1,82.67
6866,779041983,0,0,0.66
4103,716711433,1,0,48.01
1734,714411108,0,0,16.32
5073,772105608,0,0,4.54
7302,712781883,0,0,0.45
4567,810875958,1,1,91.6
5375,720031908,0,0,0.84
3736,785119833,0,0,24.68
5297,713032233,0,0,0.54
10056,709578258,0,0,0.4
6322,714667608,0,0,8.5
2386,780070833,0,0,0.51
6283,713732883,0,0,2.32
9312,819628158,0,0,0.06
5553,709005633,1,0,29.96
122,714877233,0,0,1.21
860,720244983,0,0,9.5
2621,789656358,0,0,1.58
706,719704308,0,0,15.53
4250,718582158,0,0,6.49
4078,719109783,0,0,3.76
3550,711787383,0,0,8.41
4435,712783083,1,1,94.64
2306,792912708,0,0,10.4
919,717835908,0,0,33.36
2642,720746208,0,0,2.12
9657,709467183,0,0,1.23
6637,713713983,0,0,0.58
3681,712033833,0,0,3.84
2792,717132633,0,0,3.69
5875,710595783,0,0,0.63
698,714888633,0,0,27.3
9571,717283008,0,0,0.38
3593,716805408,0,0,0.76
9778,767414808,0,0,0.22
8696,712208658,0,0,1.44
8201,824560758,1,1,86.0
2155,717234183,0,0,19.82
5348,718399233,0,0,5.93
4230,713803158,0,0,2.71
2079,713893308,0,0,5.19
495,716920908,0,0,0.95
9329,715832058,0,0,4.06
213,709752183,0,0,6.34
7301,710637183,0,0,5.42
2902,771960708,0,0,1.28
4284,720338658,0,0,11.46
7258,709077933,0,0,6.18
10102,720608658,0,0,0.08
22,784725333,0,0,3.86
3543,719462433,0,0,1.13
8166,712228458,0,0,23.82
9106,788709408,0,0,0.54
1616,713835258,0,0,19.68
9282,814590483,0,0,9.55
3432,820346133,0,0,1.61
7916,713782608,0,0,3.74
4601,717297708,0,0,1.42
7912,779420583,0,0,8.39
898,778573233,0,0,2.66
8976,712948383,0,0,41.89
7856,720761208,1,1,79.33
9290,716247708,0,0,2.68
9498,715542783,0,0,10.5
789,754654383,0,0,5.8
6674,789996783,0,0,0.17
4429,821759658,1,0,42.62
825,717420333,0,0,2.22
4265,758824608,0,0,1.78
3852,709131033,0,0,17.91
4701,824140908,1,1,96.24
7220,708768258,0,0,0.22
9813,715269483,0,0,0.02
7629,709618308,0,0,30.48
5153,714407058,0,0,0.28
3178,779856483,0,0,8.24
1540,789627258,0,0,2.66
583,718731183,1,1,91.73
4045,716022258,1,1,66.52
6605,772457583,0,0,0.4
9687,710155983,1,0,22.66
7039,817108083,1,1,75.52
7630,710119233,0,0,0.62
5557,716251608,0,0,0.87
2205,708174708,0,0,7.37
2057,710490708,0,0,39.74
7078,778360608,0,0,2.05
1002,778706508,0,1,91.97
10020,715020933,1,0,39.04
4700,721514883,0,0,0.22
1747,717511533,0,0,0.47
6207,719074308,0,0,0.41
4402,780067158,1,1,64.86
4026,710932683,0,0,11.67
6750,757634583,0,0,2.32
3408,778502958,0,0,33.54
7246,711264033,0,0,1.29
582,716222808,0,0,1.87
6546,710525508,1,0,21.0
4794,711883833,0,0,0.24
8330,710322033,0,0,0.82
229,758348808,0,0,41.59
985,710036508,0,0,18.37
6548,714658233,0,0,10.24
7807,720482583,0,0,1.03
5407,827635083,0,0,6.71
3709,803319633,0,0,1.77
3793,788379933,0,0,8.23
1762,714457083,0,0,15.18
750,772684833,0,0,9.85
29,806624208,0,0,0.32
7871,713809833,0,0,12.54
4500,713289183,0,0,0.25
2426,814497483,0,0,0.44
2185,709564683,1,1,97.12
6825,720642633,0,0,0.93
6276,712891833,0,0,0.57
9699,758331483,0,0,0.64
1421,718068933,0,0,11.38
191,717912483,0,0,24.13
10084,718161708,0,0,0.13
1861,719283633,0,0,11.64
1644,789247458,0,0,1.64
7611,826136283,0,0,3.78
9466,793456983,0,0,1.6
2525,712060158,0,0,0.95
5005,710277183,0,0,19.96
3675,711580908,0,0,0.3
4556,787291308,0,0,3.11
6161,711052308,0,0,0.24
9110,789582483,0,0,0.99
8273,719926683,0,0,1.77
3328,709297608,1,1,87.93
4405,720339558,0,0,8.51
5899,771464808,0,0,0.78
6339,718808883,0,0,17.05
5654,711937158,0,0,2.43
10054,779134458,1,0,9.71
1004,713650683,0,0,24.57
7725,797410983,0,0,5.88
6427,719534058,0,0,3.97
9765,711355908,0,0,2.07
1895,803132733,0,1,51.0
3843,720868683,0,1,58.54
5269,789097833,0,0,1.78
3796,811705233,0,0,7.09
6633,778810083,0,0,30.83
3779,819714408,1,0,2.1
1276,712586583,0,0,32.35
2288,781089708,0,0,1.29
2368,767311008,0,0,4.85
135,708296883,0,0,21.31
8519,788465583,0,0,49.47
7265,778937583,0,0,0.23
7832,719075883,0,0,17.79
2394,718215033,0,0,16.72
3348,711679533,0,0,10.03
2506,778327908,0,0,3.31
648,712710708,0,0,3.37
5501,720175008,0,0,7.53
5577,719829633,0,0,1.62
7107,716975583,0,0,18.57
7017,802856508,0,0,0.52
8683,715170183,0,0,1.18
2592,796170933,0,0,4.79
4716,721315233,0,0,29.49
7153,708375858,0,0,3.14
8010,779034708,0,0,5.07
3581,709718058,0,0,1.47
5424,712920633,0,0,2.32
4222,778747608,0,0,35.03
1904,771844458,0,0,1.6
3827,720439533,0,0,5.87
1967,718627458,0,0,34.97
1491,717623583,0,0,13.45
5227,718837683,0,0,19.51
7888,808281483,0,0,1.7
7707,710612583,0,0,0.5
1023,716604633,0,0,1.41
9614,708721533,0,0,0.07
4497,711967158,0,0,0.4
1785,772706283,0,1,52.39
949,761544333,0,0,29.05
9898,710679933,1,1,79.15
8703,713688933,0,0,2.34
4782,714346608,1,1,72.0
8203,713081583,0,0,2.89
7784,714087258,0,0,18.15
9979,789937683,0,0,0.05
2446,790186458,0,0,18.09
9873,813901458,0,0,1.55
7142,709052883,0,0,4.28
2184,709334658,0,0,27.23
7036,710879283,0,0,9.43
1964,714862083,0,0,2.53
7236,710669733,0,0,1.32
4040,716714733,0,0,2.31
313,783542133,0,0,10.84
7384,711919608,1,0,21.83
9730,720356133,0,0,0.9
7135,715222533,1,0,48.48
8167,717146208,1,0,33.66
3985,711557508,0,0,2.32
4483,717308433,1,1,92.07
2999,771534408,0,0,1.17
7479,711851583,0,0,0.21
6774,822056583,0,0,7.59
701,720310458,0,0,8.21
3713,719991783,0,0,0.63
416,778868958,1,0,19.57
4771,815860008,0,0,1.01
2213,803648508,0,0,35.37
7592,801037833,0,0,0.09
2721,719882583,0,0,24.2
585,710404533,0,0,12.4
692,779558733,0,0,1.22
6405,753795633,1,0,4.12
78,779058108,0,0,14.06
7732,788132208,0,0,3.34
9841,715601808,0,0,0.02
6888,771862308,0,0,0.79
4408,809978733,0,0,6.85
4430,820920408,0,0,33.31
8228,711438033,0,0,23.76
2869,780251658,0,0,3.02
7383,713509908,0,0,0.33
6313,712117983,0,0,1.35
4511,717103758,1,0,2.58
8452,718951683,0,0,3.42
8542,779613933,0,0,4.02
3696,813380058,0,0,29.33
3138,708957183,0,0,0.59
7307,779848383,1,0,41.45
6511,779324358,0,0,0.45
8084,720190083,1,1,96.93
9578,715714458,1,0,18.9
8733,792524358,0,0,7.02
200,720707283,0,0,5.75
2553,720076458,0,0,24.75
1777,715005558,0,0,0.16
2708,713766183,0,0,1.0
7632,789800358,0,0,0.37
9528,809459733,0,0,6.7
2944,720562008,0,0,11.21
8272,710371683,0,0,1.95
978,813499458,1,1,93.61
4838,715014633,1,0,11.06
5687,720725883,0,0,4.05
9232,716881683,1,0,25.57
2704,719455908,0,0,10.51
172,708953883,1,1,90.75
